Origin (i),Destination (j),mi,mj,sij,,
Central,Central,2781,2781,0,,
Central,Eastern,2781,1746,13571,,
Central,North central,2781,1386,12185,,
Central,North western,2781,2563,3457,,
Central,Northern,2781,1152,17986,,
Central,Sabaragamuwa,2781,2070,0,,
Central,Southern,2781,2669,15317,,
Central,Uva,2781,1387,2070,,
Central,Western,2781,6165,6020,,Here population in thousands
Eastern,Central,1788,2781,2773,,
Eastern,Eastern,1788,1746,0,,
Eastern,North central,1788,1386,1387,,
Eastern,North western,1788,2563,5554,,
Eastern,Northern,1788,1152,19021,,
Eastern,Sabaragamuwa,1788,2070,8117,,
Eastern,Southern,1788,2669,16352,,
Eastern,Uva,1788,1387,0,,
Eastern,Western,1788,6165,10187,,
North central,Central,1406,2781,2563,,
North central,Eastern,1406,1746,5344,,
North central,North central,1406,1386,0,,
North central,North western,1406,2563,0,,
North central,Northern,1406,1152,7090,,
North central,Sabaragamuwa,1406,2070,9629,,
North central,Southern,1406,2669,17864,,
North central,Uva,1406,1387,8242,,
North central,Western,1406,6165,11699,,
North western,Central,2592,2781,0,,
North western,Eastern,2592,1746,13789,,
North western,North central,2592,1386,8946,,
North western,North western,2592,2563,0,,
North western,Northern,2592,1152,18204,,
North western,Sabaragamuwa,2592,2070,10332,,
North western,Southern,2592,2669,15535,,
North western,Uva,2592,1387,12402,,
North western,Western,2592,6165,2781,,
Northern,Central,1173,2781,5695,,
Northern,Eastern,1173,1746,3949,,
Northern,North central,1173,1386,0,,
Northern,North western,1173,2563,1386,,
Northern,Northern,1173,1152,0,,
Northern,Sabaragamuwa,1173,2070,14641,,
Northern,Southern,1173,2669,18098,,
Northern,Uva,1173,1387,16711,,
Northern,Western,1173,6165,8476,,
Sabaragamuwa,Central,2091,2781,0,,
Sabaragamuwa,Eastern,2091,1746,16951,,
Sabaragamuwa,North central,2091,1386,15565,,
Sabaragamuwa,North western,2091,2563,13002,,
Sabaragamuwa,Northern,2091,1152,18697,,
Sabaragamuwa,Sabaragamuwa,2091,2070,0,,
Sabaragamuwa,Southern,2091,2669,10333,,
Sabaragamuwa,Uva,2091,1387,8946,,
Sabaragamuwa,Western,2091,6165,2781,,
Southern,Central,2702,2781,9622,,
Southern,Eastern,2702,1746,14966,,
Southern,North central,2702,1386,16712,,
Southern,North western,2702,2563,12403,,
Southern,Northern,2702,1152,18098,,
Southern,Sabaragamuwa,2702,2070,0,,
Southern,Southern,2702,2669,0,,
Southern,Uva,2702,1387,8235,,
Southern,Western,2702,6165,2070,,
Uva,Central,1408,2781,0,,
Uva,Eastern,1408,1746,4851,,
Uva,North central,1408,1386,17994,,
Uva,North western,1408,2563,15431,,
Uva,Northern,1408,1152,19380,,
Uva,Sabaragamuwa,1408,2070,2781,,
Uva,Southern,1408,2669,6597,,
Uva,Uva,1408,1387,0,,
Uva,Western,1408,6165,9266,,
Western,Central,6209,2781,4633,,
Western,Eastern,6209,1746,12856,,
Western,North central,6209,1386,11470,,
Western,North western,6209,2563,2070,,
Western,Northern,6209,1152,14602,,
Western,Sabaragamuwa,6209,2070,0,,
Western,Southern,6209,2669,7414,,
Western,Uva,6209,1387,10083,,
Western,Western,6209,6165,0,,
